{
    "volume": 3.3613445378151336,
    "luminosita": 35.79831932773109
}