{
    "volume": 1.960784313725498,
    "luminosita": 46.77871335454349
}