{
    "volume": 1.6806723356914786,
    "luminosita": 38.403361344537814
}